prodboomcd,lapse_method,rate_type,base_rate
2040PLUSFONDS_PP,MONTHLY,logit,34.35050877
2040PLUSFONDS_PUP,MONTHLY,logit,34.35050877
AEGON_KOERSPLAN_spaaradvies,MONTHLY,logit,26.20542027
AEGON_SPAARBEURS_direct,MONTHLY,logit,26.20542027
AEGON_SPAARBEURS_spaaradvies,MONTHLY,logit,26.20542027
AEGON_SPAARBEURS_spaarbelegger,MONTHLY,logit,26.20542027
AEGON_SPAARBEURS_tussenpersoon,MONTHLY,logit,26.20542027
AFP,MONTHLY,logit,49.62249555
ALH,MONTHLY,logit,11.72154786
ALIMENTATIE,MONTHLY,average,1.0
AORV_Type1,MONTHLY,logit,52.55602631
AORV_Type2,MONTHLY,logit,52.55602631
AORV_Type3,MONTHLY,logit,52.55602631
AORV_Type4,MONTHLY,logit,52.55602631
AOWPRIVEPLAN_PP,MONTHLY,logit,34.35050877
AOWPRIVEPLAN_PUP,MONTHLY,logit,34.35050877
ASH,MONTHLY,logit,11.72154786
BEDRIJVEN,MONTHLY,logit,142.3450946
BUDGETFONDS_PP,MONTHLY,logit,34.35050877
BUDGETFONDS_PUP,MONTHLY,logit,34.35050877
DEPOT,MONTHLY,logit,142.3450946
FISCAALVOORDEELPLAN_PP,MONTHLY,logit,34.35050877
FISCAALVOORDEELPLAN_PUP,MONTHLY,logit,34.35050877
FP_1_PP,MONTHLY,logit,11.72154786
FP_1_PUP,MONTHLY,logit,11.72154786
FP_2_PP,MONTHLY,logit,75.66255216
FP_2_PUP,MONTHLY,logit,75.66255216
FP_3_PP,MONTHLY,logit,142.3450946
FP_3_PUP,MONTHLY,logit,142.3450946
FP_4_PP,MONTHLY,average,1.0
FP_4_PUP,MONTHLY,average,1.0
FP_5_PP,MONTHLY,logit,26.20542027
FP_5_PUP,MONTHLY,logit,26.20542027
FP_6_PP,MONTHLY,logit,52.55602631
FP_6_PUP,MONTHLY,logit,52.55602631
FP_7_PP,MONTHLY,logit,424.736227
FP_7_PUP,MONTHLY,logit,424.736227
FP_8_PP,MONTHLY,logit,26.74479757
FP_8_PUP,MONTHLY,logit,26.74479757
GARANTIEPLAN_PP,MONTHLY,logit,34.35050877
GARANTIEPLAN_PUP,MONTHLY,logit,34.35050877
GOUDENHANDDRUK,MONTHLY,logit,142.3450946
HYPOTHEEK,MONTHLY,average,1.0
KAPITAAL,MONTHLY,logit,142.3450946
KAPITAALPLAN_PP,MONTHLY,logit,34.35050877
KAPITAALPLAN_PUP,MONTHLY,logit,34.35050877
KOERSPLAN_PP,MONTHLY,logit,34.35050877
KOERSPLAN_PUP,MONTHLY,logit,34.35050877
KOOPSOM_PP,MONTHLY,logit,34.35050877
KOOPSOM_PUP,MONTHLY,logit,34.35050877
LIJFRENTE,MONTHLY,logit,142.3450946
LLH,MONTHLY,logit,11.72154786
LLI,MONTHLY,average,1.0
LLJ,MONTHLY,logit,20.28030311
LLK,MONTHLY,logit,142.3450946
LLP,MONTHLY,logit,49.62249555
LLV,MONTHLY,logit,20.28030311
LLW,MONTHLY,logit,20.28030311
MM_CP,MONTHLY,logit,48.75778714
MM_EP,MONTHLY,logit,48.75778714
MM_KP,MONTHLY,logit,48.75778714
NETTO_LIJFRENTE,MONTHLY,logit,142.3450946
OR_1_PP,MONTHLY,logit,11.72154786
OR_1_PUP,MONTHLY,logit,11.72154786
OR_2_PP,MONTHLY,logit,75.66255216
OR_2_PUP,MONTHLY,logit,75.66255216
OR_3_PP,MONTHLY,logit,142.3450946
OR_3_PUP,MONTHLY,logit,142.3450946
OR_4_PP,MONTHLY,average,1.0
OR_4_PUP,MONTHLY,average,1.0
OR_5_PP,MONTHLY,logit,26.20542027
OR_5_PUP,MONTHLY,logit,26.20542027
OR_6_PP,MONTHLY,logit,52.55602631
OR_6_PUP,MONTHLY,logit,52.55602631
OR_7_PP,MONTHLY,logit,424.736227
OR_7_PUP,MONTHLY,logit,424.736227
OR_8_PP,MONTHLY,logit,26.74479757
OR_8_PUP,MONTHLY,logit,26.74479757
OVERIG_GELIJKBLIJVEND_PP,MONTHLY,logit,34.35050877
OVERIG_GELIJKBLIJVEND_PUP,MONTHLY,logit,34.35050877
OVERIG_STIJGEND_PP,MONTHLY,logit,34.35050877
OVERIG_STIJGEND_PUP,MONTHLY,logit,34.35050877
PENCOM,MONTHLY,logit,49.62249555
PENSIOEN,MONTHLY,logit,142.3450946
PENSIOENPLUS_PP,MONTHLY,logit,34.35050877
PENSIOENPLUS_PUP,MONTHLY,logit,34.35050877
RISICO,MONTHLY,average,1.0
SALDO,MONTHLY,logit,142.3450946
SCHAKELSPAAR_PP,MONTHLY,logit,34.35050877
SCHAKELSPAAR_PUP,MONTHLY,logit,34.35050877
SH_1_PP,MONTHLY,logit,11.72154786
SH_1_PUP,MONTHLY,logit,11.72154786
SH_2_PP,MONTHLY,logit,75.66255216
SH_2_PUP,MONTHLY,logit,75.66255216
SH_3_PP,MONTHLY,logit,142.3450946
SH_3_PUP,MONTHLY,logit,142.3450946
SH_4_PP,MONTHLY,average,1.0
SH_4_PUP,MONTHLY,average,1.0
SH_5_PP,MONTHLY,logit,26.20542027
SH_5_PUP,MONTHLY,logit,26.20542027
SH_6_PP,MONTHLY,logit,52.55602631
SH_6_PUP,MONTHLY,logit,52.55602631
SH_7_PP,MONTHLY,logit,424.736227
SH_7_PUP,MONTHLY,logit,424.736227
SH_8_PP,MONTHLY,logit,26.74479757
SH_8_PUP,MONTHLY,logit,26.74479757
SOLI,MONTHLY,logit,49.62249555
SPAARPLUS_PP,MONTHLY,logit,34.35050877
SPAARPLUS_PUP,MONTHLY,logit,34.35050877
STUDIEPLUS_PP,MONTHLY,logit,34.35050877
STUDIEPLUS_PUP,MONTHLY,logit,34.35050877
TOEKOMSTPLAN_PP,MONTHLY,logit,34.35050877
TOEKOMSTPLAN_PUP,MONTHLY,logit,34.35050877
USH,MONTHLY,logit,11.72154786
V&B,MONTHLY,logit,48.75778714
VERMOGENSPLAN_PP,MONTHLY,logit,34.35050877
VERMOGENSPLAN_PUP,MONTHLY,logit,34.35050877
Z_W_1_PP,MONTHLY,logit,11.72154786
Z_W_1_PUP,MONTHLY,logit,11.72154786
Z_W_2_PP,MONTHLY,logit,75.66255216
Z_W_2_PUP,MONTHLY,logit,75.66255216
Z_W_3_PP,MONTHLY,logit,142.3450946
Z_W_3_PUP,MONTHLY,logit,142.3450946
Z_W_4_PP,MONTHLY,average,1.0
Z_W_4_PUP,MONTHLY,average,1.0
Z_W_5_PP,MONTHLY,logit,26.20542027
Z_W_5_PUP,MONTHLY,logit,26.20542027
Z_W_6_PP,MONTHLY,logit,52.55602631
Z_W_6_PUP,MONTHLY,logit,52.55602631
Z_W_7_PP,MONTHLY,logit,424.736227
Z_W_7_PUP,MONTHLY,logit,424.736227
Z_W_8_PP,MONTHLY,logit,26.74479757
Z_W_8_PUP,MONTHLY,logit,26.74479757
